"DateTime","Positive","Neutral","Negative","Price"
"2019-07-19 00:00:00",0,0,0,0.05846
"2019-07-20 00:00:00",0,0,0,0.062450000000000006
"2019-07-21 00:00:00",0,0,0,0.06168
"2019-07-22 00:00:00",0,0,0,0.06037000000000001
"2019-07-23 00:00:00",0,0,0,0.057609999999999995
"2019-07-24 00:00:00",0,0,0,0.05653
"2019-07-25 00:00:00",0,0,0,0.05953
"2019-07-26 00:00:00",0,0,0,0.059910000000000005
"2019-07-27 00:00:00",0,0,0,0.0605
"2019-07-28 00:00:00",0,0,0,0.05912
"2019-07-29 00:00:00",0,0,0,0.06016
"2019-07-30 00:00:00",0,0,0,0.060245
"2019-07-31 00:00:00",0,0,0,0.060365
"2019-08-01 00:00:00",0,0,0,0.05907
"2019-08-02 00:00:00",0,0,0,0.058035
"2019-08-03 00:00:00",0,0,0,0.057705
"2019-08-04 00:00:00",0,0,0,0.057664999999999994
"2019-08-05 00:00:00",0,0,0,0.057165
"2019-08-06 00:00:00",0,0,0,0.054625
"2019-08-07 00:00:00",0,0,0,0.052805000000000005
"2019-08-08 00:00:00",0,0,0,0.051785
"2019-08-09 00:00:00",0,0,0,0.04975
"2019-08-10 00:00:00",0,0,0,0.050644999999999996
"2019-08-11 00:00:00",0,0,0,0.053805
"2019-08-12 00:00:00",0,0,0,0.053525
"2019-08-13 00:00:00",0,2,0,0.051465
"2019-08-14 00:00:00",0,0,0,0.050055
"2019-08-15 00:00:00",0,2,0,0.046385
"2019-08-16 00:00:00",0,0,0,0.046145000000000005
"2019-08-17 00:00:00",0,0,0,0.04685
"2019-08-18 00:00:00",0,0,0,0.049235
"2019-08-19 00:00:00",0,0,0,0.051949999999999996
"2019-08-20 00:00:00",0,0,0,0.049835000000000004
"2019-08-21 00:00:00",0,0,0,0.052705
"2019-08-22 00:00:00",0,0,0,0.049030000000000004
"2019-08-23 00:00:00",0,1,0,0.050495
"2019-08-24 00:00:00",0,0,0,0.049885
"2019-08-25 00:00:00",0,1,0,0.051125000000000004
"2019-08-26 00:00:00",0,0,0,0.049850000000000005
"2019-08-27 00:00:00",0,0,0,0.049245
"2019-08-28 00:00:00",0,0,0,0.04799
"2019-08-29 00:00:00",0,0,0,0.044785
"2019-08-30 00:00:00",0,0,0,0.045085
"2019-08-31 00:00:00",0,0,0,0.04504
"2019-09-01 00:00:00",0,1,0,0.0451
"2019-09-02 00:00:00",0,0,0,0.044925
"2019-09-03 00:00:00",0,0,0,0.046135
"2019-09-04 00:00:00",0,0,0,0.046115
"2019-09-05 00:00:00",0,0,0,0.044675
"2019-09-06 00:00:00",0,0,0,0.044295
"2019-09-07 00:00:00",0,0,0,0.04521
"2019-09-08 00:00:00",0,0,0,0.046715
"2019-09-09 00:00:00",0,0,0,0.046564999999999995
"2019-09-10 00:00:00",0,0,0,0.047525
"2019-09-11 00:00:00",0,0,0,0.04575
"2019-09-12 00:00:00",0,0,0,0.04584
"2019-09-13 00:00:00",0,0,0,0.04567
"2019-09-14 00:00:00",0,0,0,0.045995
"2019-09-15 00:00:00",0,0,0,0.046625
"2019-09-16 00:00:00",0,0,0,0.046515
"2019-09-17 00:00:00",0,0,0,0.049005
"2019-09-18 00:00:00",0,0,0,0.05225
"2019-09-19 00:00:00",0,0,0,0.05218
"2019-09-20 00:00:00",0,0,0,0.051605
"2019-09-21 00:00:00",0,0,0,0.05277
"2019-09-22 00:00:00",0,0,0,0.049909999999999996
"2019-09-23 00:00:00",0,0,0,0.047835
"2019-09-24 00:00:00",0,0,0,0.041965
"2019-09-25 00:00:00",0,0,0,0.03832
"2019-09-26 00:00:00",0,0,0,0.037645
"2019-09-27 00:00:00",0,0,0,0.038515
"2019-09-28 00:00:00",1,0,0,0.039115
"2019-09-29 00:00:00",0,3,0,0.038095000000000004
"2019-09-30 00:00:00",0,1,0,0.03826
"2019-10-01 00:00:00",0,0,0,0.038855
"2019-10-02 00:00:00",0,0,0,0.039355
"2019-10-03 00:00:00",0,0,0,0.03881
"2019-10-04 00:00:00",0,0,0,0.039155
"2019-10-05 00:00:00",0,0,0,0.0398
"2019-10-06 00:00:00",0,1,0,0.03866
"2019-10-07 00:00:00",0,2,0,0.0404
"2019-10-08 00:00:00",0,1,0,0.041665
"2019-10-09 00:00:00",0,1,0,0.042225
"2019-10-10 00:00:00",0,0,0,0.041825
"2019-10-11 00:00:00",0,0,2,0.040355
"2019-10-12 00:00:00",0,0,0,0.040639999999999996
"2019-10-13 00:00:00",0,0,0,0.04078
"2019-10-14 00:00:00",0,0,0,0.04183
"2019-10-15 00:00:00",0,0,0,0.041120000000000004
"2019-10-16 00:00:00",0,0,0,0.0393
"2019-10-17 00:00:00",0,0,0,0.038995
"2019-10-18 00:00:00",0,0,0,0.03831
"2019-10-19 00:00:00",0,0,0,0.039315
"2019-10-20 00:00:00",0,0,0,0.03992
"2019-10-21 00:00:00",0,0,0,0.038935
"2019-10-22 00:00:00",0,0,0,0.038805000000000006
"2019-10-23 00:00:00",0,0,0,0.037695
"2019-10-24 00:00:00",0,0,0,0.03769
"2019-10-25 00:00:00",0,0,0,0.03981
"2019-10-26 00:00:00",0,0,0,0.041370000000000004
"2019-10-27 00:00:00",0,0,0,0.041585
"2019-10-28 00:00:00",0,0,0,0.043370000000000006
"2019-10-29 00:00:00",0,0,0,0.043205
"2019-10-30 00:00:00",1,5,0,0.04285
"2019-10-31 00:00:00",1,1,1,0.0413
"2019-11-01 00:00:00",0,0,0,0.042550000000000004
"2019-11-02 00:00:00",0,0,0,0.042370000000000005
"2019-11-03 00:00:00",0,0,0,0.04196
"2019-11-04 00:00:00",0,0,0,0.043155
"2019-11-05 00:00:00",0,1,0,0.043585
"2019-11-06 00:00:00",0,1,0,0.04487
"2019-11-07 00:00:00",0,0,0,0.043515
"2019-11-08 00:00:00",0,0,0,0.04269
"2019-11-09 00:00:00",0,1,0,0.04239
"2019-11-10 00:00:00",0,2,0,0.043655
"2019-11-11 00:00:00",0,2,0,0.042755
"2019-11-12 00:00:00",0,0,0,0.04412
"2019-11-13 00:00:00",0,0,0,0.042735
"2019-11-14 00:00:00",0,3,1,0.04251
"2019-11-15 00:00:00",2,0,0,0.043385
"2019-11-16 00:00:00",0,2,0,0.044469999999999996
"2019-11-17 00:00:00",0,1,0,0.04462
"2019-11-18 00:00:00",0,3,0,0.044844999999999996
"2019-11-19 00:00:00",2,3,2,0.043094999999999994
"2019-11-20 00:00:00",1,7,1,0.04128
"2019-11-21 00:00:00",6,63,20,0.039925
"2019-11-22 00:00:00",10,104,22,0.03721
"2019-11-23 00:00:00",4,16,10,0.03798
"2019-11-24 00:00:00",2,6,6,0.03576
"2019-11-25 00:00:00",3,18,6,0.035975
"2019-11-26 00:00:00",2,17,12,0.03639
"2019-11-27 00:00:00",2,4,15,0.037815
"2019-11-28 00:00:00",6,9,6,0.038665000000000005
"2019-11-29 00:00:00",9,52,21,0.04123
"2019-11-30 00:00:00",1,14,10,0.04152
"2019-12-01 00:00:00",4,10,29,0.039625
"2019-12-02 00:00:00",4,28,42,0.038475
"2019-12-03 00:00:00",10,80,66,0.038035
"2019-12-04 00:00:00",10,18,13,0.038110000000000005
"2019-12-05 00:00:00",9,67,28,0.037665000000000004
"2019-12-06 00:00:00",3,4,7,0.03832
"2019-12-07 00:00:00",1,1,2,0.03859
"2019-12-08 00:00:00",3,24,5,0.038755
"2019-12-09 00:00:00",11,32,6,0.037489999999999996
"2019-12-10 00:00:00",3,11,2,0.03646
"2019-12-11 00:00:00",2,1,1,0.0366
"2019-12-12 00:00:00",10,20,4,0.03724
"2019-12-13 00:00:00",10,27,11,0.037070000000000006
"2019-12-14 00:00:00",2,8,2,0.036145
"2019-12-15 00:00:00",6,7,1,0.03641
"2019-12-16 00:00:00",2,8,0,0.035925
"2019-12-17 00:00:00",5,24,4,0.03376
"2019-12-18 00:00:00",7,34,5,0.03271
"2019-12-19 00:00:00",6,27,2,0.03354
"2019-12-20 00:00:00",4,16,1,0.033495
"2019-12-21 00:00:00",0,8,1,0.033395
"2019-12-22 00:00:00",3,25,4,0.03488
"2019-12-23 00:00:00",4,15,0,0.033225000000000005
"2019-12-24 00:00:00",5,19,0,0.03347
"2019-12-25 00:00:00",8,26,1,0.033455
"2019-12-26 00:00:00",1,8,0,0.033839999999999995
"2019-12-27 00:00:00",3,18,5,0.03388
"2019-12-28 00:00:00",1,4,1,0.033615000000000006
"2019-12-29 00:00:00",3,10,1,0.034
"2019-12-30 00:00:00",4,15,0,0.03335
"2019-12-31 00:00:00",5,9,0,0.033705
"2020-01-01 00:00:00",9,23,0,0.033145
"2020-01-02 00:00:00",2,9,1,0.03365
"2020-01-03 00:00:00",2,7,0,0.034385
"2020-01-04 00:00:00",4,11,1,0.034214999999999995
"2020-01-05 00:00:00",1,9,1,0.034409999999999996
"2020-01-06 00:00:00",3,10,0,0.035995
"2020-01-07 00:00:00",5,28,2,0.0377
"2020-01-08 00:00:00",2,5,2,0.03741
"2020-01-09 00:00:00",2,10,0,0.035685
"2020-01-10 00:00:00",0,6,0,0.037305000000000005
"2020-01-11 00:00:00",5,15,2,0.03655
"2020-01-12 00:00:00",2,6,0,0.03747
"2020-01-13 00:00:00",3,21,2,0.037165000000000004
"2020-01-14 00:00:00",2,14,2,0.03998
"2020-01-15 00:00:00",3,7,1,0.041905
"2020-01-16 00:00:00",2,7,1,0.04181
"2020-01-17 00:00:00",1,18,1,0.043695
"2020-01-18 00:00:00",5,16,2,0.04462
"2020-01-19 00:00:00",4,35,3,0.044145000000000004
"2020-01-20 00:00:00",8,29,3,0.042825
"2020-01-21 00:00:00",4,12,0,0.045425
"2020-01-22 00:00:00",3,18,1,0.045675
"2020-01-23 00:00:00",3,12,0,0.044655
"2020-01-24 00:00:00",6,21,0,0.04394
"2020-01-25 00:00:00",4,30,4,0.043895
"2020-01-26 00:00:00",7,66,1,0.04443
"2020-01-27 00:00:00",0,27,4,0.046579999999999996
"2020-01-28 00:00:00",7,36,0,0.051019999999999996
"2020-01-29 00:00:00",13,24,2,0.055025000000000004
"2020-01-30 00:00:00",10,45,1,0.05462
"2020-01-31 00:00:00",10,51,7,0.054385
"2020-02-01 00:00:00",0,5,0,0.055150000000000005
"2020-02-02 00:00:00",0,4,0,0.056815
"2020-02-03 00:00:00",0,1,0,0.056639999999999996
"2020-02-04 00:00:00",2,1,0,0.055955000000000005
"2020-02-05 00:00:00",0,4,1,0.05789
"2020-02-06 00:00:00",0,2,0,0.05949
"2020-02-07 00:00:00",0,0,0,0.060915
"2020-02-08 00:00:00",0,0,0,0.05912
"2020-02-09 00:00:00",0,0,0,0.061290000000000004
"2020-02-10 00:00:00",0,0,0,0.060315
"2020-02-11 00:00:00",0,4,0,0.061285
"2020-02-12 00:00:00",0,4,0,0.06711
"2020-02-13 00:00:00",1,3,0,0.06886
"2020-02-14 00:00:00",0,9,0,0.069215
"2020-02-15 00:00:00",1,6,0,0.066965
"2020-02-16 00:00:00",1,2,0,0.06172999999999999
"2020-02-17 00:00:00",0,4,0,0.059275
"2020-02-18 00:00:00",2,2,0,0.060950000000000004
"2020-02-19 00:00:00",1,0,0,0.060185
"2020-02-20 00:00:00",0,15,0,0.057264999999999996
"2020-02-21 00:00:00",4,7,0,0.05894
"2020-02-22 00:00:00",0,0,0,0.058124999999999996
"2020-02-23 00:00:00",0,3,0,0.06065
"2020-02-24 00:00:00",0,0,0,0.05989
"2020-02-25 00:00:00",2,1,0,0.057775
"2020-02-26 00:00:00",0,4,0,0.051685
"2020-02-27 00:00:00",1,2,0,0.04932
"2020-02-28 00:00:00",2,0,0,0.049425
"2020-02-29 00:00:00",2,4,0,0.0479
"2020-03-01 00:00:00",2,1,0,0.04983
"2020-03-02 00:00:00",0,4,0,0.047755
"2020-03-03 00:00:00",1,4,0,0.04839
"2020-03-04 00:00:00",4,2,0,0.049405
"2020-03-05 00:00:00",3,2,0,0.053425
"2020-03-06 00:00:00",0,0,0,0.051434999999999995
"2020-03-07 00:00:00",0,1,0,0.05011
"2020-03-08 00:00:00",0,0,1,0.045735
"2020-03-09 00:00:00",0,0,1,0.041510000000000005
"2020-03-10 00:00:00",1,2,0,0.041694999999999996
"2020-03-11 00:00:00",0,4,0,0.039605
"2020-03-12 00:00:00",0,0,0,0.03139
"2020-03-13 00:00:00",0,0,2,0.0229
"2020-03-14 00:00:00",1,1,1,0.02721
"2020-03-15 00:00:00",1,8,3,0.02611
"2020-03-16 00:00:00",0,12,1,0.024300000000000002
"2020-03-17 00:00:00",0,5,0,0.02543
"2020-03-18 00:00:00",0,2,0,0.02549
"2020-03-19 00:00:00",1,0,0,0.028929999999999997
"2020-03-20 00:00:00",0,1,0,0.03039
"2020-03-21 00:00:00",0,1,0,0.029234999999999997
"2020-03-22 00:00:00",0,2,0,0.028685
"2020-03-23 00:00:00",0,2,5,0.028335
"2020-03-24 00:00:00",2,3,0,0.02972
"2020-03-25 00:00:00",1,8,0,0.02969
"2020-03-26 00:00:00",2,7,2,0.030170000000000002
"2020-03-27 00:00:00",0,0,1,0.030085
"2020-03-28 00:00:00",1,1,0,0.028935
"2020-03-29 00:00:00",0,0,0,0.028025
"2020-03-30 00:00:00",1,1,0,0.029265
"2020-03-31 00:00:00",4,1,0,0.030095
"2020-04-01 00:00:00",1,6,0,0.03027
"2020-04-02 00:00:00",0,0,0,0.031225000000000003
"2020-04-03 00:00:00",1,1,0,0.03226
"2020-04-04 00:00:00",0,1,0,0.03266
"2020-04-05 00:00:00",0,0,0,0.032045
"2020-04-06 00:00:00",2,1,0,0.034045
"2020-04-07 00:00:00",0,0,0,0.03591
"2020-04-08 00:00:00",1,6,0,0.036180000000000004
"2020-04-09 00:00:00",2,1,0,0.036105
"2020-04-10 00:00:00",0,1,0,0.03418
"2020-04-11 00:00:00",0,0,0,0.03368
"2020-04-12 00:00:00",0,0,0,0.03401
"2020-04-13 00:00:00",0,2,0,0.033235
"2020-04-14 00:00:00",0,6,0,0.03326
"2020-04-15 00:00:00",3,4,0,0.032765
"2020-04-16 00:00:00",0,0,0,0.03293
"2020-04-17 00:00:00",2,0,0,0.034269999999999995
"2020-04-18 00:00:00",0,3,0,0.035699999999999996
"2020-04-19 00:00:00",3,7,0,0.03588
"2020-04-20 00:00:00",1,1,0,0.035280000000000006
"2020-04-21 00:00:00",1,5,0,0.034409999999999996
"2020-04-22 00:00:00",2,3,0,0.034175
"2020-04-23 00:00:00",2,10,0,0.039575
"2020-04-24 00:00:00",0,14,0,0.042344999999999994
"2020-04-25 00:00:00",0,3,0,0.042260000000000006
"2020-04-26 00:00:00",0,0,0,0.04409
"2020-04-27 00:00:00",4,11,0,0.045880000000000004
"2020-04-28 00:00:00",0,10,0,0.047095
"2020-04-29 00:00:00",1,1,0,0.049545
"2020-04-30 00:00:00",0,2,0,0.050795
"2020-05-01 00:00:00",0,3,0,0.04968
"2020-05-02 00:00:00",0,1,0,0.05047
"2020-05-03 00:00:00",1,1,0,0.049890000000000004
"2020-05-04 00:00:00",2,2,0,0.048195
"2020-05-05 00:00:00",2,1,0,0.04963
"2020-05-06 00:00:00",1,2,0,0.049885
"2020-05-07 00:00:00",0,0,0,0.05003
"2020-05-08 00:00:00",59,80,5,0.052405
"2020-05-09 00:00:00",76,117,17,0.052195
"2020-05-10 00:00:00",51,104,9,0.04712
"2020-05-11 00:00:00",78,139,11,0.047475
"2020-05-12 00:00:00",106,134,12,0.049505
"2020-05-13 00:00:00",120,238,20,0.05114
"2020-05-14 00:00:00",58,71,7,0.05129
"2020-05-15 00:00:00",1,2,0,0.050820000000000004
"2020-05-16 00:00:00",22,37,3,0.0509
"2020-05-17 00:00:00",92,120,15,0.051585
"2020-05-18 00:00:00",76,111,14,0.05308
"2020-05-19 00:00:00",96,121,13,0.054875
"2020-05-20 00:00:00",80,128,15,0.055654999999999996
"2020-05-21 00:00:00",77,74,9,0.053794999999999996
"2020-05-22 00:00:00",89,142,20,0.05405
"2020-05-23 00:00:00",72,100,9,0.055404999999999996
"2020-05-24 00:00:00",50,54,8,0.05393
"2020-05-25 00:00:00",56,35,9,0.05266
"2020-05-26 00:00:00",93,197,19,0.05305
"2020-05-27 00:00:00",92,271,12,0.05454
"2020-05-28 00:00:00",173,245,10,0.061255
"2020-05-29 00:00:00",172,296,8,0.06464500000000001
"2020-05-30 00:00:00",223,242,22,0.070995
"2020-05-31 00:00:00",225,233,21,0.07931
"2020-06-01 00:00:00",82,109,11,0.078595
"2020-06-02 00:00:00",45,57,4,0.07738
"2020-06-03 00:00:00",0,0,0,0.081485
"2020-06-04 00:00:00",0,0,0,0.087205
"2020-06-05 00:00:00",0,2,0,0.08664
"2020-06-06 00:00:00",2,3,0,0.08596500000000001
"2020-06-07 00:00:00",0,10,0,0.085655
"2020-06-08 00:00:00",2,12,0,0.085965
"2020-06-09 00:00:00",3,7,0,0.08490500000000001
"2020-06-10 00:00:00",3,10,0,0.081865
"2020-06-11 00:00:00",3,6,0,0.079485
"2020-06-12 00:00:00",2,12,2,0.07775499999999999
"2020-06-13 00:00:00",0,5,0,0.07854
"2020-06-14 00:00:00",0,8,0,0.07748
"2020-06-15 00:00:00",4,8,1,0.074625
"2020-06-16 00:00:00",4,9,0,0.07824500000000001
"2020-06-17 00:00:00",0,5,0,0.08086499999999999
"2020-06-18 00:00:00",5,7,0,0.08212
"2020-06-19 00:00:00",3,6,0,0.080295
"2020-06-20 00:00:00",1,2,0,0.07868
"2020-06-21 00:00:00",1,4,0,0.07952999999999999
"2020-06-22 00:00:00",3,16,1,0.081135
"2020-06-23 00:00:00",1,6,0,0.08302
"2020-06-24 00:00:00",1,16,0,0.08349000000000001
"2020-06-25 00:00:00",0,11,0,0.080905
"2020-06-26 00:00:00",0,6,0,0.0806
"2020-06-27 00:00:00",2,5,0,0.078005
"2020-06-28 00:00:00",1,3,0,0.078565
"2020-06-29 00:00:00",2,14,0,0.082235
"2020-06-30 00:00:00",3,10,1,0.083415
"2020-07-01 00:00:00",1,9,0,0.090425
"2020-07-02 00:00:00",3,12,0,0.092865
"2020-07-03 00:00:00",8,25,0,0.09713
"2020-07-04 00:00:00",3,12,0,0.09856999999999999
"2020-07-05 00:00:00",1,11,1,0.097245
"2020-07-06 00:00:00",3,8,1,0.10191
"2020-07-07 00:00:00",3,17,3,0.11105
"2020-07-08 00:00:00",4,33,2,0.1265
"2020-07-09 00:00:00",4,4,2,0.12380000000000001
"2020-07-10 00:00:00",2,3,1,0.1173
"2020-07-11 00:00:00",5,16,0,0.12255
"2020-07-12 00:00:00",1,4,1,0.12445
"2020-07-13 00:00:00",1,8,3,0.1287
"2020-07-14 00:00:00",4,5,1,0.1278
"2020-07-15 00:00:00",2,8,3,0.12990000000000002
"2020-07-16 00:00:00",1,7,0,0.12565
"2020-07-17 00:00:00",2,4,0,0.1241
"2020-07-18 00:00:00",2,5,1,0.12145
"2020-07-19 00:00:00",0,8,0,0.12304999999999999
"2020-07-20 00:00:00",1,0,1,0.12029999999999999
"2020-07-21 00:00:00",5,9,1,0.12075
"2020-07-22 00:00:00",3,8,0,0.12265000000000001
"2020-07-23 00:00:00",0,6,1,0.12525
"2020-07-24 00:00:00",1,9,0,0.12265
"2020-07-25 00:00:00",3,6,1,0.13490000000000002
"2020-07-26 00:00:00",6,27,2,0.1482
"2020-07-27 00:00:00",2,13,1,0.1404
"2020-07-28 00:00:00",0,10,3,0.14315
"2020-07-29 00:00:00",5,8,1,0.14455
"2020-07-30 00:00:00",6,14,1,0.14029999999999998
"2020-07-31 00:00:00",2,1,0,0.13905
"2020-08-01 00:00:00",2,1,0,0.14345
"2020-08-02 00:00:00",2,0,0,0.13945
"2020-08-03 00:00:00",10,3,0,0.1381
"2020-08-04 00:00:00",7,7,0,0.14345
"2020-08-05 00:00:00",2,3,0,0.1434
"2020-08-06 00:00:00",3,10,2,0.14325
"2020-08-07 00:00:00",2,8,1,0.14155
"2020-08-08 00:00:00",0,2,0,0.1431
"2020-08-09 00:00:00",2,11,0,0.14750000000000002
"2020-08-10 00:00:00",1,7,0,0.14475
"2020-08-11 00:00:00",3,5,1,0.1387
"2020-08-12 00:00:00",1,5,1,0.13115
"2020-08-13 00:00:00",0,7,0,0.13724999999999998
"2020-08-14 00:00:00",0,5,0,0.13985
"2020-08-15 00:00:00",1,4,0,0.1395
"2020-08-16 00:00:00",2,0,0,0.13755
"2020-08-17 00:00:00",3,4,1,0.14140000000000003
"2020-08-18 00:00:00",4,3,0,0.13945000000000002
"2020-08-19 00:00:00",2,2,0,0.13269999999999998
"2020-08-20 00:00:00",1,2,0,0.1305
"2020-08-21 00:00:00",0,3,0,0.128
"2020-08-22 00:00:00",0,6,0,0.12225
"2020-08-23 00:00:00",0,1,0,0.1227
"2020-08-24 00:00:00",4,2,0,0.12355
"2020-08-25 00:00:00",1,7,1,0.11505
"2020-08-26 00:00:00",0,4,0,0.1145
"2020-08-27 00:00:00",1,3,0,0.1094
"2020-08-28 00:00:00",1,5,0,0.10885
"2020-08-29 00:00:00",1,2,0,0.1133
"2020-08-30 00:00:00",1,2,0,0.11655
"2020-08-31 00:00:00",2,12,1,0.12015
"2020-09-01 00:00:00",4,20,0,0.12390000000000001
"2020-09-02 00:00:00",2,35,13,0.11889999999999999
"2020-09-03 00:00:00",3,22,0,0.105865
"2020-09-04 00:00:00",0,7,3,0.09847500000000001
"2020-09-05 00:00:00",1,7,2,0.09509000000000001
"2020-09-06 00:00:00",1,9,0,0.09060499999999999
"2020-09-07 00:00:00",0,6,0,0.090295
"2020-09-08 00:00:00",0,7,1,0.092675
"2020-09-09 00:00:00",0,6,0,0.09274
"2020-09-10 00:00:00",1,4,0,0.09643499999999999
"2020-09-11 00:00:00",1,11,1,0.095415
"2020-09-12 00:00:00",0,3,1,0.09659000000000001
"2020-09-13 00:00:00",1,5,1,0.09628500000000001
"2020-09-14 00:00:00",0,1,0,0.095385
"2020-09-15 00:00:00",0,8,0,0.095415
"2020-09-16 00:00:00",1,6,2,0.09168499999999999
"2020-09-17 00:00:00",2,8,0,0.09279499999999999
"2020-09-18 00:00:00",2,8,1,0.09204999999999999
"2020-09-19 00:00:00",0,5,1,0.091775
"2020-09-20 00:00:00",0,2,0,0.090065
"2020-09-21 00:00:00",1,6,3,0.08412
"2020-09-22 00:00:00",0,2,0,0.081205
"2020-09-23 00:00:00",0,0,0,0.07921
"2020-09-24 00:00:00",1,3,0,0.079765
"2020-09-25 00:00:00",0,23,1,0.090445
"2020-09-26 00:00:00",1,11,0,0.09613
"2020-09-27 00:00:00",3,8,0,0.098535
"2020-09-28 00:00:00",0,4,1,0.103285
"2020-09-29 00:00:00",0,0,0,0.100415
"2020-09-30 00:00:00",0,3,0,0.099185
"2020-10-01 00:00:00",1,1,0,0.09984499999999999
"2020-10-02 00:00:00",0,6,0,0.095115
"2020-10-03 00:00:00",0,1,0,0.09381500000000001
"2020-10-04 00:00:00",0,1,0,0.09518499999999999
"2020-10-05 00:00:00",0,0,0,0.09777
"2020-10-06 00:00:00",0,1,0,0.09506500000000001
"2020-10-07 00:00:00",0,0,0,0.091945
"2020-10-08 00:00:00",1,0,0,0.09367500000000001
"2020-10-09 00:00:00",0,0,0,0.098805
"2020-10-10 00:00:00",0,0,0,0.1064
"2020-10-11 00:00:00",0,0,0,0.1067
"2020-10-12 00:00:00",0,0,0,0.10805000000000001
"2020-10-13 00:00:00",0,0,0,0.1109
"2020-10-14 00:00:00",1,0,0,0.10885
"2020-10-15 00:00:00",0,0,0,0.1062
"2020-10-16 00:00:00",0,0,0,0.10485
"2020-10-17 00:00:00",0,2,0,0.1054
"2020-10-18 00:00:00",0,0,0,0.10645
"2020-10-19 00:00:00",0,0,0,0.1086
"2020-10-20 00:00:00",1,2,1,0.1048
"2020-10-21 00:00:00",2,3,1,0.1051
"2020-10-22 00:00:00",0,3,0,0.10915
"2020-10-23 00:00:00",0,5,0,0.10865
"2020-10-24 00:00:00",0,4,2,0.10869999999999999
"2020-10-25 00:00:00",0,6,0,0.10755
"2020-10-26 00:00:00",0,3,0,0.10344
"2020-10-27 00:00:00",2,7,1,0.1038
"2020-10-28 00:00:00",1,7,1,0.099445
"2020-10-29 00:00:00",0,0,0,0.097855
"2020-10-30 00:00:00",1,4,0,0.092855
"2020-10-31 00:00:00",1,1,1,0.09393
"2020-11-01 00:00:00",0,5,0,0.09569
"2020-11-02 00:00:00",0,2,0,0.095845
"2020-11-03 00:00:00",0,2,1,0.09114
"2020-11-04 00:00:00",0,1,0,0.09396499999999999
"2020-11-05 00:00:00",1,14,1,0.09520999999999999
"2020-11-06 00:00:00",1,4,0,0.103685
"2020-11-07 00:00:00",0,2,0,0.10644
"2020-11-08 00:00:00",0,1,0,0.10425000000000001
"2020-11-09 00:00:00",0,2,0,0.10464999999999999
"2020-11-10 00:00:00",0,0,0,0.10635
"2020-11-11 00:00:00",0,2,0,0.1074
"2020-11-12 00:00:00",0,4,0,0.10475000000000001
"2020-11-13 00:00:00",0,0,0,0.1062
"2020-11-14 00:00:00",0,2,0,0.10445
"2020-11-15 00:00:00",0,3,0,0.101925
"2020-11-16 00:00:00",1,8,0,0.102505
"2020-11-17 00:00:00",5,18,0,0.108
"2020-11-18 00:00:00",1,7,0,0.1075
"2020-11-19 00:00:00",0,4,1,0.1063
"2020-11-20 00:00:00",1,6,0,0.11235
"2020-11-21 00:00:00",1,12,1,0.1256
"2020-11-22 00:00:00",1,3,0,0.1368
"2020-11-23 00:00:00",3,6,0,0.1507
"2020-11-24 00:00:00",2,5,0,0.1637
"2020-11-25 00:00:00",0,1,0,0.16210000000000002
"2020-11-26 00:00:00",0,2,0,0.14235
"2020-11-27 00:00:00",0,2,0,0.1386
"2020-11-28 00:00:00",0,2,0,0.1557
"2020-11-29 00:00:00",1,0,0,0.1643
"2020-11-30 00:00:00",0,4,0,0.16715
"2020-12-01 00:00:00",0,1,0,0.1594
"2020-12-02 00:00:00",0,2,0,0.1554
"2020-12-03 00:00:00",1,6,0,0.1622
"2020-12-04 00:00:00",0,1,1,0.15545
"2020-12-05 00:00:00",0,0,0,0.15405
"2020-12-06 00:00:00",0,2,0,0.15810000000000002
"2020-12-07 00:00:00",0,1,0,0.15525
"2020-12-08 00:00:00",0,2,0,0.14655
"2020-12-09 00:00:00",1,1,0,0.1401
"2020-12-10 00:00:00",0,0,0,0.1441
"2020-12-11 00:00:00",0,1,0,0.13879999999999998
"2020-12-12 00:00:00",0,0,0,0.14305
"2020-12-13 00:00:00",0,0,0,0.1499
"2020-12-14 00:00:00",0,6,0,0.1542
"2020-12-15 00:00:00",0,7,0,0.15645
"2020-12-16 00:00:00",2,7,0,0.15889999999999999
"2020-12-17 00:00:00",2,9,1,0.16870000000000002
"2020-12-18 00:00:00",5,7,0,0.164
"2020-12-19 00:00:00",1,9,2,0.16704999999999998
"2020-12-20 00:00:00",3,7,0,0.16344999999999998
"2020-12-21 00:00:00",1,3,0,0.15665
"2020-12-22 00:00:00",1,3,0,0.15885
"2020-12-23 00:00:00",1,12,0,0.14215
"2020-12-24 00:00:00",0,5,0,0.1431
"2020-12-25 00:00:00",2,5,0,0.15875
"2020-12-26 00:00:00",1,3,0,0.15565
"2020-12-27 00:00:00",2,6,2,0.15755
"2020-12-28 00:00:00",2,3,0,0.1663
"2020-12-29 00:00:00",7,13,0,0.1849
"2020-12-30 00:00:00",1,7,0,0.18430000000000002
"2020-12-31 00:00:00",0,5,0,0.18095
"2021-01-01 00:00:00",2,8,0,0.1722
"2021-01-02 00:00:00",1,9,0,0.1768
"2021-01-03 00:00:00",4,13,1,0.19090000000000001
"2021-01-04 00:00:00",3,7,1,0.2168
"2021-01-05 00:00:00",5,6,0,0.23614999999999997
"2021-01-06 00:00:00",2,11,1,0.3009
"2021-01-07 00:00:00",2,12,0,0.31715000000000004
"2021-01-08 00:00:00",1,5,0,0.2918
"2021-01-09 00:00:00",2,9,0,0.31789999999999996
"2021-01-10 00:00:00",1,12,0,0.3106
"2021-01-11 00:00:00",4,15,0,0.26635
"2021-01-12 00:00:00",1,11,0,0.2891
"2021-01-13 00:00:00",4,12,0,0.2932
"2021-01-14 00:00:00",2,3,0,0.31035
"2021-01-15 00:00:00",8,11,0,0.3043
"2021-01-16 00:00:00",1,3,0,0.33445
"2021-01-17 00:00:00",3,17,0,0.36945
"2021-01-18 00:00:00",1,8,1,0.38055
"2021-01-19 00:00:00",4,11,0,0.3738
"2021-01-20 00:00:00",0,10,0,0.3536
"2021-01-21 00:00:00",2,6,0,0.33955
"2021-01-22 00:00:00",2,5,0,0.3196
"2021-01-23 00:00:00",0,7,0,0.347
"2021-01-24 00:00:00",4,6,0,0.35319999999999996
"2021-01-25 00:00:00",3,9,0,0.35235
"2021-01-26 00:00:00",0,5,0,0.3377
"2021-01-27 00:00:00",4,11,0,0.3245
"2021-01-28 00:00:00",2,3,0,0.33075
"2021-01-29 00:00:00",1,11,0,0.35009999999999997
"2021-01-30 00:00:00",2,5,0,0.35695
"2021-01-31 00:00:00",3,6,1,0.35765
"2021-02-01 00:00:00",0,6,0,0.37865
"2021-02-02 00:00:00",0,10,0,0.42285
"2021-02-03 00:00:00",2,6,0,0.43295
"2021-02-04 00:00:00",6,5,1,0.431
"2021-02-05 00:00:00",4,22,2,0.4989
"2021-02-06 00:00:00",3,14,1,0.595
"2021-02-07 00:00:00",0,16,1,0.64535
"2021-02-08 00:00:00",5,20,2,0.67885
"2021-02-09 00:00:00",3,18,4,0.6896
"2021-02-10 00:00:00",9,23,1,0.8294
"2021-02-11 00:00:00",9,38,1,0.9238999999999999
"2021-02-12 00:00:00",4,22,4,0.90725
"2021-02-13 00:00:00",9,30,6,0.8814
"2021-02-14 00:00:00",3,12,0,0.8639
"2021-02-15 00:00:00",2,12,0,0.8006500000000001
"2021-02-16 00:00:00",4,12,1,0.8703
"2021-02-17 00:00:00",8,23,2,0.86095
"2021-02-18 00:00:00",5,14,0,0.9249499999999999
"2021-02-19 00:00:00",7,34,0,0.91265
"2021-02-20 00:00:00",5,24,0,1.056
"2021-02-21 00:00:00",5,22,0,1.1115
"2021-02-22 00:00:00",18,41,0,0.8549
"2021-02-23 00:00:00",3,23,1,0.982
"2021-02-24 00:00:00",5,13,0,0.98855
"2021-02-25 00:00:00",4,18,0,1.095
"2021-02-26 00:00:00",12,43,2,1.14445
"2021-02-27 00:00:00",20,70,5,1.357
"2021-02-28 00:00:00",12,27,3,1.2610000000000001
"2021-03-01 00:00:00",3,24,1,1.2930000000000001
"2021-03-02 00:00:00",7,31,2,1.241
"2021-03-03 00:00:00",5,16,0,1.2395
"2021-03-04 00:00:00",4,11,0,1.1475
"2021-03-05 00:00:00",2,14,1,1.116
"2021-03-06 00:00:00",4,22,1,1.1345
"2021-03-07 00:00:00",2,13,0,1.126
"2021-03-08 00:00:00",3,25,1,1.1425
"2021-03-09 00:00:00",3,25,2,1.1644999999999999
"2021-03-10 00:00:00",6,25,2,1.161
"2021-03-11 00:00:00",3,12,0,1.125
"2021-03-12 00:00:00",3,14,1,1.0775000000000001
"2021-03-13 00:00:00",7,16,1,1.08725
"2021-03-14 00:00:00",5,18,1,1.078
"2021-03-15 00:00:00",2,12,1,1.0354999999999999
"2021-03-16 00:00:00",4,46,2,1.1484999999999999
"2021-03-17 00:00:00",4,32,1,1.317
"2021-03-18 00:00:00",7,39,2,1.348
"2021-03-19 00:00:00",9,39,6,1.2615
"2021-03-20 00:00:00",5,13,2,1.2545
"2021-03-21 00:00:00",8,5,1,1.201
"2021-03-22 00:00:00",6,16,1,1.1375000000000002
"2021-03-23 00:00:00",3,17,3,1.1284999999999998
"2021-03-24 00:00:00",8,29,1,1.1015000000000001
"2021-03-25 00:00:00",3,16,0,1.0995
"2021-03-26 00:00:00",6,15,1,1.1920000000000002
"2021-03-27 00:00:00",2,18,1,1.198
"2021-03-28 00:00:00",7,6,0,1.1935
"2021-03-29 00:00:00",2,14,0,1.2040000000000002
"2021-03-30 00:00:00",10,23,3,1.2125
"2021-03-31 00:00:00",7,18,0,1.1840000000000002
"2021-04-01 00:00:00",8,10,1,1.19
"2021-04-02 00:00:00",4,25,3,1.2120000000000002
"2021-04-03 00:00:00",8,18,1,1.2
"2021-04-04 00:00:00",8,15,2,1.1724999999999999
"2021-04-05 00:00:00",2,18,1,1.194
"2021-04-06 00:00:00",3,10,0,1.2665000000000002
"2021-04-07 00:00:00",7,15,0,1.225
"2021-04-08 00:00:00",5,13,2,1.1975
"2021-04-09 00:00:00",1,15,0,1.2105000000000001
"2021-04-10 00:00:00",5,8,0,1.2229999999999999
"2021-04-11 00:00:00",5,11,0,1.244
"2021-04-12 00:00:00",3,11,2,1.3045
"2021-04-13 00:00:00",1,3,0,1.359
"2021-04-14 00:00:00",1,16,0,1.4545
"2021-04-15 00:00:00",2,6,0,1.453
"2021-04-16 00:00:00",5,13,0,1.428
"2021-04-17 00:00:00",3,15,2,1.409
"2021-04-18 00:00:00",,,,1.2269999999999999
"2021-04-19 00:00:00",,,,1.2485
"2021-04-20 00:00:00",4,7,0,1.2025000000000001
"2021-04-21 00:00:00",6,9,1,1.2425000000000002
"2021-04-22 00:00:00",4,5,1,1.199
"2021-04-23 00:00:00",0,3,1,1.0508
"2021-04-24 00:00:00",2,2,0,1.1465
"2021-04-25 00:00:00",4,20,0,1.084
"2021-04-26 00:00:00",2,4,1,1.1675
"2021-04-27 00:00:00",3,9,0,1.28
"2021-04-28 00:00:00",2,10,0,1.294
"2021-04-29 00:00:00",6,23,2,1.3399999999999999
"2021-04-30 00:00:00",4,15,0,1.3290000000000002
"2021-05-01 00:00:00",5,12,0,1.3435000000000001
"2021-05-02 00:00:00",3,19,0,1.326
"2021-05-03 00:00:00",4,14,1,1.3515
"2021-05-04 00:00:00",0,10,0,1.312
"2021-05-05 00:00:00",1,17,0,1.3785
"2021-05-06 00:00:00",2,30,0,1.5670000000000002
"2021-05-07 00:00:00",1,31,4,1.638
"2021-05-08 00:00:00",5,23,1,1.611
"2021-05-09 00:00:00",7,17,4,1.7035
"2021-05-10 00:00:00",7,26,1,1.682
"2021-05-11 00:00:00",6,22,4,1.6885
"2021-05-12 00:00:00",3,14,1,1.683
"2021-05-13 00:00:00",7,32,2,1.737
"2021-05-14 00:00:00",6,27,0,1.9289999999999998
"2021-05-15 00:00:00",11,36,0,2.1719999999999997
"2021-05-16 00:00:00",16,57,1,2.2375
"2021-05-17 00:00:00",5,17,3,2.096
"2021-05-18 00:00:00",7,30,2,2.0629999999999997
"2021-05-19 00:00:00",2,36,1,1.534
"2021-05-20 00:00:00",6,38,0,1.645
"2021-05-21 00:00:00",5,22,0,1.5975000000000001
"2021-05-22 00:00:00",9,11,0,1.485
"2021-05-23 00:00:00",5,12,0,1.298
"2021-05-24 00:00:00",2,13,0,1.4295
"2021-05-25 00:00:00",5,24,0,1.5434999999999999
"2021-05-26 00:00:00",,,,1.6920000000000002
"2021-05-27 00:00:00",,,,1.7005
"2021-05-28 00:00:00",30,17,1,1.566
"2021-05-29 00:00:00",,,,1.4489999999999998
"2021-05-30 00:00:00",42,15,1,1.524
"2021-05-31 00:00:00",47,19,2,1.638
"2021-06-01 00:00:00",59,17,0,1.717
"2021-06-02 00:00:00",12,16,0,1.7610000000000001
"2021-06-03 00:00:00",4,16,2,1.8010000000000002
"2021-06-04 00:00:00",33,23,0,1.728
"2021-06-05 00:00:00",34,22,1,1.6965
"2021-06-06 00:00:00",8,11,0,1.6775
"2021-06-07 00:00:00",8,12,0,1.647
"2021-06-08 00:00:00",0,18,0,1.499
"2021-06-09 00:00:00",1,14,1,1.56
"2021-06-10 00:00:00",4,25,0,1.5724999999999998
"2021-06-11 00:00:00",3,16,0,1.484
"2021-06-12 00:00:00",4,26,0,1.4255
"2021-06-13 00:00:00",2,15,1,1.491
"2021-06-14 00:00:00",2,19,0,1.5510000000000002
"2021-06-15 00:00:00",2,14,1,1.5775000000000001
"2021-06-16 00:00:00",2,7,0,1.5245000000000002
"2021-06-17 00:00:00",3,18,2,1.498
"2021-06-18 00:00:00",3,14,0,1.434
"2021-06-19 00:00:00",1,9,0,1.4125
"2021-06-20 00:00:00",0,5,1,1.3835000000000002
"2021-06-21 00:00:00",4,10,4,1.302
"2021-06-22 00:00:00",1,11,1,1.132
"2021-06-23 00:00:00",0,12,0,1.2145000000000001
"2021-06-24 00:00:00",0,5,0,1.3005
"2021-06-25 00:00:00",2,10,0,1.3195000000000001
"2021-06-26 00:00:00",3,15,0,1.2445
"2021-06-27 00:00:00",2,13,0,1.2955
"2021-06-28 00:00:00",3,10,0,1.3275000000000001
"2021-06-29 00:00:00",1,7,0,1.3704999999999998
"2021-06-30 00:00:00",6,12,0,1.343
"2021-07-01 00:00:00",6,3,1,1.3445
"2021-07-02 00:00:00",5,14,0,1.3405
"2021-07-03 00:00:00",0,15,0,1.4005
"2021-07-04 00:00:00",1,15,0,1.439
"2021-07-05 00:00:00",2,11,0,1.4195
"2021-07-06 00:00:00",2,16,0,1.4235
"2021-07-07 00:00:00",1,13,1,1.4205
"2021-07-08 00:00:00",2,19,0,1.3625
"2021-07-09 00:00:00",1,18,2,1.3305
"2021-07-10 00:00:00",0,13,1,1.342
"2021-07-11 00:00:00",0,6,0,1.346
"2021-07-12 00:00:00",1,9,0,1.3325
"2021-07-13 00:00:00",0,14,0,1.2854999999999999
"2021-07-14 00:00:00",2,13,1,1.2445
"2021-07-15 00:00:00",2,6,0,1.2475
"2021-07-16 00:00:00",3,13,2,1.202
"2021-07-17 00:00:00",1,9,0,1.173
"2021-07-18 00:00:00",3,10,0,1.193
"2021-07-19 00:00:00",3,20,2,1.154
"2021-07-20 00:00:00",1,11,2,1.079
"2021-07-21 00:00:00",1,9,0,1.13
"2021-07-22 00:00:00",1,6,1,1.179
"2021-07-23 00:00:00",0,14,1,1.1775
"2021-07-24 00:00:00",2,7,0,1.2240000000000002
"2021-07-25 00:00:00",2,17,3,1.2155
"2021-07-26 00:00:00",2,8,0,1.3115
"2021-07-27 00:00:00",1,16,0,1.2650000000000001
"2021-07-28 00:00:00",2,9,0,1.2885
"2021-07-29 00:00:00",2,12,0,1.2785
"2021-07-30 00:00:00",2,5,3,1.2835
"2021-07-31 00:00:00",1,4,0,1.311
"2021-08-01 00:00:00",1,7,0,1.3439999999999999
"2021-08-02 00:00:00",1,17,0,1.3225
"2021-08-03 00:00:00",2,4,0,1.322
"2021-08-04 00:00:00",0,8,0,1.3585
"2021-08-05 00:00:00",2,12,2,1.3685
"2021-08-06 00:00:00",4,20,2,1.3944999999999999
"2021-08-07 00:00:00",1,12,0,1.441
"2021-08-08 00:00:00",3,8,0,1.452
"2021-08-09 00:00:00",3,15,1,1.4475
"2021-08-10 00:00:00",2,23,1,1.5785
"2021-08-11 00:00:00",1,13,1,1.783
"2021-08-12 00:00:00",5,9,0,1.7755
"2021-08-13 00:00:00",10,28,1,1.987
"2021-08-14 00:00:00",9,33,3,2.167
"2021-08-15 00:00:00",3,11,0,2.1425
"2021-08-16 00:00:00",4,16,0,2.122
"2021-08-17 00:00:00",3,19,2,2.0255
"2021-08-18 00:00:00",7,22,0,2.0185
"2021-08-19 00:00:00",3,12,2,2.2485
"2021-08-20 00:00:00",4,28,1,2.4770000000000003
"2021-08-21 00:00:00",4,10,0,2.4575
"2021-08-22 00:00:00",1,19,0,2.5785
"2021-08-23 00:00:00",3,25,0,2.825
"2021-08-24 00:00:00",6,32,4,2.782
"2021-08-25 00:00:00",10,24,1,2.7015000000000002
"2021-08-26 00:00:00",4,16,3,2.628
"2021-08-27 00:00:00",3,23,3,2.7215
"2021-08-28 00:00:00",2,19,1,2.8635
"2021-08-29 00:00:00",6,18,0,2.828
"2021-08-30 00:00:00",2,12,0,2.805
"2021-08-31 00:00:00",5,25,1,2.7915
"2021-09-01 00:00:00",1,27,2,2.815
"2021-09-02 00:00:00",6,21,0,2.9675000000000002
"2021-09-03 00:00:00",3,28,0,2.9690000000000003
"2021-09-04 00:00:00",1,12,0,2.8865
"2021-09-05 00:00:00",8,17,1,2.8914999999999997
"2021-09-06 00:00:00",3,14,1,2.867
"2021-09-07 00:00:00",3,16,3,2.458
"2021-09-08 00:00:00",4,31,0,2.3815
"2021-09-09 00:00:00",3,16,2,2.5075
"2021-09-10 00:00:00",3,15,1,2.4314999999999998
"2021-09-11 00:00:00",2,14,1,2.5825
"2021-09-12 00:00:00",5,6,0,2.6455
"2021-09-13 00:00:00",8,21,0,2.4535
"2021-09-14 00:00:00",3,14,2,2.3804999999999996
"2021-09-15 00:00:00",6,10,1,2.4715
"2021-09-16 00:00:00",3,7,1,2.45
"2021-09-17 00:00:00",4,16,1,2.378
"2021-09-18 00:00:00",4,10,0,2.375
"2021-09-19 00:00:00",1,13,0,2.3295
"2021-09-20 00:00:00",10,12,0,2.1325
"2021-09-21 00:00:00",3,11,0,2.0709999999999997
"2021-09-22 00:00:00",2,11,1,2.1189999999999998
"2021-09-23 00:00:00",4,13,0,2.263
"2021-09-24 00:00:00",5,19,1,2.208
"2021-09-25 00:00:00",7,17,1,2.3485
"2021-09-26 00:00:00",3,15,0,2.2270000000000003
"2021-09-27 00:00:00",4,30,0,2.203
"2021-09-28 00:00:00",3,11,0,2.1020000000000003
"2021-09-29 00:00:00",2,16,2,2.083
"2021-09-30 00:00:00",4,8,0,2.0955000000000004
"2021-10-01 00:00:00",2,16,1,2.1845
"2021-10-02 00:00:00",1,7,0,2.2590000000000003
"2021-10-03 00:00:00",1,11,0,2.2664999999999997
"2021-10-04 00:00:00",7,17,2,2.2039999999999997
"2021-10-05 00:00:00",2,12,2,2.2199999999999998
"2021-10-06 00:00:00",0,13,0,2.183
"2021-10-07 00:00:00",2,13,0,2.177
"2021-10-08 00:00:00",2,19,0,2.2675
"2021-10-09 00:00:00",2,37,0,2.261
"2021-10-10 00:00:00",3,75,0,2.222
"2021-10-11 00:00:00",1,16,0,2.183
"2021-10-12 00:00:00",0,10,0,2.123
"2021-10-13 00:00:00",0,18,0,2.141
"2021-10-14 00:00:00",1,36,0,2.1905
"2021-10-15 00:00:00",2,9,0,2.1895
"2021-10-16 00:00:00",0,10,0,2.21
"2021-10-17 00:00:00",3,5,1,2.1415
"2021-10-18 00:00:00",3,18,0,2.14
"2021-10-19 00:00:00",1,7,3,2.125
"2021-10-20 00:00:00",0,0,0,2.099